<?xml version="1.0" encoding="UTF-8"?>
<LightningComponentBundle xmlns="http://soap.sforce.com/2006/04/metadata">
    <apiVersion>55.0</apiVersion>
    <isExposed>true</isExposed>
    <masterLabel>New Header</masterLabel>
    <targets>
        <target>lightning__AppPage</target>
        <target>lightning__RecordPage</target>
        <target>lightning__HomePage</target>
        <target>lightningCommunity__Page</target>
       
        <target>lightningCommunity__Default</target>
    </targets>
    <targetConfigs>
        <targetConfig targets="lightningCommunity__Default">
            <!-- COLUMN 1 -->
           
            <property name="column1Title" type="String" label="Column #1 Title" default="Company"/>
            <property name="column1Label1" type="String" label="Column #1 Link #1 Label" default="About Us"/>
            <property name="column1Url1" type="String" label="Column #1 Link #1 URL" default="/about"/>
            <property name="column1Label2" type="String" label="Column #1 Link #2 Label" default="Our Team"/>
            <property name="column1Url2" type="String" label="Column #1 Link #2 URL" default="/our-team"/>
            <property name="column1Label3" type="String" label="Column #1 Link #3 Label" default="Contact"/>
            <property name="column1Url3" type="String" label="Column #1 Link #3 URL" default="/contact-us"/>
            <property name="column1Label4" type="String" label="Column #1 Link #4 Label" default="Careers"/>
            <property name="column1Url4" type="String" label="Column #1 Link #4 URL" default="https://apply.workable.com/emed/"/>
            <property name="column1Label5" type="String" label="Column #1 Link #5 Label" default="News"/>
            <property name="column1Url5" type="String" label="Column #1 Link #5 URL" default="/news"/>
            <property name="column1Label6" type="String" label="Column #1 Link #6 Label" default="Blog"/>
            <property name="column1Url6" type="String" label="Column #1 Link #6 URL" default="https://blog.emed.com"/>
            <property name="column1Label7" type="String" label="Column #1 Link #7 Label" default=""/>
            <property name="column1Url7" type="String" label="Column #1 Link #7 URL" default=""/>
            <property name="column1Label8" type="String" label="Column #1 Link #8 Label" default=""/>
            <property name="column1Url8" type="String" label="Column #1 Link #8 URL" default=""/>
            <property name="column1Label9" type="String" label="Column #1 Link #9 Label" default=""/>
            <property name="column1Url9" type="String" label="Column #1 Link #9 URL" default=""/>
            <property name="column1Label10" type="String" label="Column #1 Link #10 Label" default=""/>
            <property name="column1Url10" type="String" label="Column #1 Link #10 URL" default=""/>
            
            <property name="login" type="Boolean" label="Login" default="false"/>
            <property name="shoppingCart" type="Boolean" label="Shopping Cart" default="false"/>
        </targetConfig>
    </targetConfigs>
</LightningComponentBundle>