<?xml version="1.0" encoding="UTF-8"?>
<LightningComponentBundle xmlns="http://soap.sforce.com/2006/04/metadata">
    <apiVersion>53.0</apiVersion>
    <description>eMed Header</description>
    <isExposed>true</isExposed>
    <masterLabel>eMed Custom Header</masterLabel>
    <targets>
        <target>lightningCommunity__Page</target>
        <target>lightningCommunity__Default</target>
    </targets>
    <targetConfigs>
        <targetConfig targets="lightningCommunity__Default">
            <property name="homeLinkUrl" type="String" label="Home Link" default="https://www.emed.com"/>
            <property name="headerLinkLabel1" type="String" label="Header Link #1 Label" default="About Us"/>
            <property name="headerLinkUrl1" type="String" label="Header Link #1 URL" default="/about"/>
            <property name="headerLinkLabel2" type="String" label="Header Link #2 Label" default="Our Team"/>
            <property name="headerLinkUrl2" type="String" label="Header Link #2 URL" default="/our-team"/>
            <property name="headerLinkLabel3" type="String" label="Header Link #3 Label" default="Contact"/>
            <property name="headerLinkUrl3" type="String" label="Header Link #3 URL" default="/contact-us"/>
            <property name="headerLinkLabel4" type="String" label="Header Link #4 Label" default="Careers"/>
            <property name="headerLinkUrl4" type="String" label="Header Link #4 URL" default="https://apply.workable.com/emed/"/>
            <property name="headerLinkLabel5" type="String" label="Header Link #5 Label" default="News"/>
            <property name="headerLinkUrl5" type="String" label="Header Link #5 URL" default="/news"/>
            <property name="headerLinkLabel6" type="String" label="Header Link #6 Label" default="Blog"/>
            <property name="headerLinkUrl6" type="String" label="Header Link #6 URL" default="https://blog.emed.com"/>
            <property name="headerLinkLabel7" type="String" label="Header Link #7 Label" default=""/>
            <property name="headerLinkUrl7" type="String" label="Header Link #7 URL" default=""/>
            <property name="headerLinkLabel8" type="String" label="Header Link #8 Label" default=""/>
            <property name="headerLinkUrl8" type="String" label="Header Link #8 URL" default=""/>
            <property name="headerLinkLabel9" type="String" label="Header Link #9 Label" default=""/>
            <property name="headerLinkUrl9" type="String" label="Header Link #9 URL" default=""/>
            <property name="headerLinkLabel10" type="String" label="Header Link #10 Label" default=""/>
            <property name="headerLinkUrl10" type="String" label="Header Link #10 URL" default=""/>
        </targetConfig>
    </targetConfigs>
</LightningComponentBundle>